{
  "variant": "v12_recursive_hull_tsp",
  "timestamp": "2026-05-28T18:40:31.105564+00:00",
  "instances": {
    "ulysses22": {
      "cost": 8055.0,
      "optimal_cost": 7013.0,
      "gap_pct": 14.8581,
      "time_sec": 0.000725,
      "n_nodes": 22
    },
    "bayg29": {
      "cost": 2280.0,
      "optimal_cost": 1610.0,
      "gap_pct": 41.6149,
      "time_sec": 0.001035,
      "n_nodes": 29
    },
    "att48": {
      "cost": 17227.0,
      "optimal_cost": 10628.0,
      "gap_pct": 62.0907,
      "time_sec": 0.001782,
      "n_nodes": 48
    },
    "eil51": {
      "cost": 629.0,
      "optimal_cost": 426.0,
      "gap_pct": 47.6526,
      "time_sec": 0.002155,
      "n_nodes": 51
    },
    "berlin52": {
      "cost": 10310.0,
      "optimal_cost": 7542.0,
      "gap_pct": 36.7011,
      "time_sec": 0.002122,
      "n_nodes": 52
    },
    "st70": {
      "cost": 1245.0,
      "optimal_cost": 675.0,
      "gap_pct": 84.4444,
      "time_sec": 0.003729,
      "n_nodes": 70
    },
    "eil76": {
      "cost": 824.0,
      "optimal_cost": 538.0,
      "gap_pct": 53.1599,
      "time_sec": 0.004747,
      "n_nodes": 76
    },
    "gr96": {
      "cost": 98464.0,
      "optimal_cost": 55209.0,
      "gap_pct": 78.3477,
      "time_sec": 0.00657,
      "n_nodes": 96
    },
    "kroA100": {
      "cost": 51601.0,
      "optimal_cost": 21282.0,
      "gap_pct": 142.4631,
      "time_sec": 0.007625,
      "n_nodes": 100
    },
    "lin105": {
      "cost": 31401.0,
      "optimal_cost": 14379.0,
      "gap_pct": 118.381,
      "time_sec": 0.008112,
      "n_nodes": 105
    },
    "ch130": {
      "cost": 13433.0,
      "optimal_cost": 6110.0,
      "gap_pct": 119.8527,
      "time_sec": 0.012893,
      "n_nodes": 130
    },
    "tsp225": {
      "cost": 10157.0,
      "optimal_cost": 3916.0,
      "gap_pct": 159.3718,
      "time_sec": 0.035835,
      "n_nodes": 225
    },
    "a280": {
      "cost": 6903.0,
      "optimal_cost": 2579.0,
      "gap_pct": 167.6619,
      "time_sec": 0.051989,
      "n_nodes": 280
    }
  },
  "summary": {
    "avg_gap_pct": 86.6615,
    "total_time_sec": 0.139319,
    "instances_with_optimal": 13
  }
}