{
  "variant": "v25_v01_plus_compound_ls",
  "timestamp": "2026-05-28T18:57:02.190963+00:00",
  "instances": {
    "ulysses22": {
      "cost": 7013.0,
      "optimal_cost": 7013.0,
      "gap_pct": 0.0,
      "time_sec": 0.006728,
      "n_nodes": 22
    },
    "bayg29": {
      "cost": 1610.0,
      "optimal_cost": 1610.0,
      "gap_pct": 0.0,
      "time_sec": 0.017577,
      "n_nodes": 29
    },
    "att48": {
      "cost": 10854.0,
      "optimal_cost": 10628.0,
      "gap_pct": 2.1265,
      "time_sec": 0.045976,
      "n_nodes": 48
    },
    "eil51": {
      "cost": 437.0,
      "optimal_cost": 426.0,
      "gap_pct": 2.5822,
      "time_sec": 0.056431,
      "n_nodes": 51
    },
    "berlin52": {
      "cost": 7885.0,
      "optimal_cost": 7542.0,
      "gap_pct": 4.5479,
      "time_sec": 0.080194,
      "n_nodes": 52
    },
    "st70": {
      "cost": 693.0,
      "optimal_cost": 675.0,
      "gap_pct": 2.6667,
      "time_sec": 0.136118,
      "n_nodes": 70
    },
    "eil76": {
      "cost": 554.0,
      "optimal_cost": 538.0,
      "gap_pct": 2.974,
      "time_sec": 0.284575,
      "n_nodes": 76
    },
    "gr96": {
      "cost": 55411.0,
      "optimal_cost": 55209.0,
      "gap_pct": 0.3659,
      "time_sec": 0.36167,
      "n_nodes": 96
    },
    "kroA100": {
      "cost": 21379.0,
      "optimal_cost": 21282.0,
      "gap_pct": 0.4558,
      "time_sec": 0.320719,
      "n_nodes": 100
    },
    "lin105": {
      "cost": 14434.0,
      "optimal_cost": 14379.0,
      "gap_pct": 0.3825,
      "time_sec": 0.333471,
      "n_nodes": 105
    },
    "ch130": {
      "cost": 6267.0,
      "optimal_cost": 6110.0,
      "gap_pct": 2.5696,
      "time_sec": 0.741045,
      "n_nodes": 130
    },
    "tsp225": {
      "cost": 4143.0,
      "optimal_cost": 3916.0,
      "gap_pct": 5.7967,
      "time_sec": 3.842576,
      "n_nodes": 225
    },
    "a280": {
      "cost": 2633.0,
      "optimal_cost": 2579.0,
      "gap_pct": 2.0938,
      "time_sec": 5.540301,
      "n_nodes": 280
    }
  },
  "summary": {
    "avg_gap_pct": 2.0432,
    "total_time_sec": 11.767381,
    "instances_with_optimal": 13
  }
}