{
  "variant": "v27_v01_plus_3opt",
  "timestamp": "2026-05-28T18:59:15.562766+00:00",
  "instances": {
    "ulysses22": {
      "cost": 7013.0,
      "optimal_cost": 7013.0,
      "gap_pct": 0.0,
      "time_sec": 0.022755,
      "n_nodes": 22
    },
    "bayg29": {
      "cost": 1610.0,
      "optimal_cost": 1610.0,
      "gap_pct": 0.0,
      "time_sec": 0.04898,
      "n_nodes": 29
    },
    "att48": {
      "cost": 10854.0,
      "optimal_cost": 10628.0,
      "gap_pct": 2.1265,
      "time_sec": 0.169786,
      "n_nodes": 48
    },
    "eil51": {
      "cost": 437.0,
      "optimal_cost": 426.0,
      "gap_pct": 2.5822,
      "time_sec": 0.205725,
      "n_nodes": 51
    },
    "berlin52": {
      "cost": 7885.0,
      "optimal_cost": 7542.0,
      "gap_pct": 4.5479,
      "time_sec": 0.350308,
      "n_nodes": 52
    },
    "st70": {
      "cost": 692.0,
      "optimal_cost": 675.0,
      "gap_pct": 2.5185,
      "time_sec": 0.841479,
      "n_nodes": 70
    },
    "eil76": {
      "cost": 554.0,
      "optimal_cost": 538.0,
      "gap_pct": 2.974,
      "time_sec": 0.735724,
      "n_nodes": 76
    },
    "gr96": {
      "cost": 55411.0,
      "optimal_cost": 55209.0,
      "gap_pct": 0.3659,
      "time_sec": 1.385561,
      "n_nodes": 96
    },
    "kroA100": {
      "cost": 21282.0,
      "optimal_cost": 21282.0,
      "gap_pct": 0.0,
      "time_sec": 1.663239,
      "n_nodes": 100
    },
    "lin105": {
      "cost": 14434.0,
      "optimal_cost": 14379.0,
      "gap_pct": 0.3825,
      "time_sec": 1.65914,
      "n_nodes": 105
    },
    "ch130": {
      "cost": 6244.0,
      "optimal_cost": 6110.0,
      "gap_pct": 2.1931,
      "time_sec": 3.465639,
      "n_nodes": 130
    },
    "tsp225": {
      "cost": 4087.0,
      "optimal_cost": 3916.0,
      "gap_pct": 4.3667,
      "time_sec": 17.409577,
      "n_nodes": 225
    },
    "a280": {
      "cost": 2621.0,
      "optimal_cost": 2579.0,
      "gap_pct": 1.6285,
      "time_sec": 34.098712,
      "n_nodes": 280
    }
  },
  "summary": {
    "avg_gap_pct": 1.822,
    "total_time_sec": 62.056625,
    "instances_with_optimal": 13
  }
}