{
  "variant": "v33_adaptive_ils",
  "timestamp": "2026-05-28T21:04:13.291249+00:00",
  "instances": {
    "ch150": {
      "cost": 6528.0,
      "optimal_cost": 6528.0,
      "gap_pct": 0.0,
      "time_sec": 26.557676,
      "n_nodes": 150
    },
    "gr202": {
      "cost": 40160.0,
      "optimal_cost": 40160.0,
      "gap_pct": 0.0,
      "time_sec": 108.675239,
      "n_nodes": 202
    },
    "tsp225": {
      "cost": 3916.0,
      "optimal_cost": 3916.0,
      "gap_pct": 0.0,
      "time_sec": 95.906646,
      "n_nodes": 225
    },
    "a280": {
      "cost": 2579.0,
      "optimal_cost": 2579.0,
      "gap_pct": 0.0,
      "time_sec": 91.649374,
      "n_nodes": 280
    },
    "pcb442": {
      "cost": 50822.0,
      "optimal_cost": 50778.0,
      "gap_pct": 0.0867,
      "time_sec": 351.850853,
      "n_nodes": 442
    },
    "gr666": {
      "cost": 294838.0,
      "optimal_cost": 294358.0,
      "gap_pct": 0.1631,
      "time_sec": 902.001752,
      "n_nodes": 666
    }
  },
  "summary": {
    "avg_gap_pct": 0.0416,
    "total_time_sec": 1576.64154,
    "instances_with_optimal": 6
  }
}