{
  "variant": "v34_parallel_ils",
  "timestamp": "2026-05-28T21:16:33.369086+00:00",
  "instances": {
    "ch150": {
      "cost": 6528.0,
      "optimal_cost": 6528.0,
      "gap_pct": 0.0,
      "time_sec": 14.169953,
      "n_nodes": 150
    },
    "gr202": {
      "cost": 40160.0,
      "optimal_cost": 40160.0,
      "gap_pct": 0.0,
      "time_sec": 50.588853,
      "n_nodes": 202
    },
    "tsp225": {
      "cost": 3916.0,
      "optimal_cost": 3916.0,
      "gap_pct": 0.0,
      "time_sec": 51.2779,
      "n_nodes": 225
    },
    "a280": {
      "cost": 2579.0,
      "optimal_cost": 2579.0,
      "gap_pct": 0.0,
      "time_sec": 44.701251,
      "n_nodes": 280
    },
    "pcb442": {
      "cost": 50926.0,
      "optimal_cost": 50778.0,
      "gap_pct": 0.2915,
      "time_sec": 155.354001,
      "n_nodes": 442
    },
    "gr666": {
      "cost": 295230.0,
      "optimal_cost": 294358.0,
      "gap_pct": 0.2962,
      "time_sec": 356.504233,
      "n_nodes": 666
    }
  },
  "summary": {
    "avg_gap_pct": 0.0979,
    "total_time_sec": 672.596191,
    "instances_with_optimal": 6
  }
}