{
  "variant": "v35_parallel_ils_pure",
  "timestamp": "2026-05-28T21:32:26.717608+00:00",
  "instances": {
    "ch150": {
      "cost": 6528.0,
      "optimal_cost": 6528.0,
      "gap_pct": 0.0,
      "time_sec": 15.204874,
      "n_nodes": 150
    },
    "gr202": {
      "cost": 40160.0,
      "optimal_cost": 40160.0,
      "gap_pct": 0.0,
      "time_sec": 58.492718,
      "n_nodes": 202
    },
    "tsp225": {
      "cost": 3916.0,
      "optimal_cost": 3916.0,
      "gap_pct": 0.0,
      "time_sec": 53.687025,
      "n_nodes": 225
    },
    "a280": {
      "cost": 2579.0,
      "optimal_cost": 2579.0,
      "gap_pct": 0.0,
      "time_sec": 50.271642,
      "n_nodes": 280
    },
    "pcb442": {
      "cost": 50784.0,
      "optimal_cost": 50778.0,
      "gap_pct": 0.0118,
      "time_sec": 204.395784,
      "n_nodes": 442
    },
    "gr666": {
      "cost": 294513.0,
      "optimal_cost": 294358.0,
      "gap_pct": 0.0527,
      "time_sec": 515.76512,
      "n_nodes": 666
    }
  },
  "summary": {
    "avg_gap_pct": 0.0108,
    "total_time_sec": 897.817163,
    "instances_with_optimal": 6
  }
}