{
  "variant": "v36_parallel_ils_deep",
  "timestamp": "2026-05-28T21:57:57.288073+00:00",
  "instances": {
    "ch150": {
      "cost": 6528.0,
      "optimal_cost": 6528.0,
      "gap_pct": 0.0,
      "time_sec": 19.548367,
      "n_nodes": 150
    },
    "gr202": {
      "cost": 40160.0,
      "optimal_cost": 40160.0,
      "gap_pct": 0.0,
      "time_sec": 97.252189,
      "n_nodes": 202
    },
    "tsp225": {
      "cost": 3916.0,
      "optimal_cost": 3916.0,
      "gap_pct": 0.0,
      "time_sec": 83.90429,
      "n_nodes": 225
    },
    "a280": {
      "cost": 2579.0,
      "optimal_cost": 2579.0,
      "gap_pct": 0.0,
      "time_sec": 88.437298,
      "n_nodes": 280
    },
    "pcb442": {
      "cost": 50910.0,
      "optimal_cost": 50778.0,
      "gap_pct": 0.26,
      "time_sec": 348.566351,
      "n_nodes": 442
    },
    "gr666": {
      "cost": 294813.0,
      "optimal_cost": 294358.0,
      "gap_pct": 0.1546,
      "time_sec": 826.378179,
      "n_nodes": 666
    }
  },
  "summary": {
    "avg_gap_pct": 0.0691,
    "total_time_sec": 1464.086674,
    "instances_with_optimal": 6
  }
}