{
  "variant": "v37_parallel_ils_xl",
  "timestamp": "2026-05-28T22:32:15.388039+00:00",
  "instances": {
    "ch150": {
      "cost": 6528.0,
      "optimal_cost": 6528.0,
      "gap_pct": 0.0,
      "time_sec": 23.708466,
      "n_nodes": 150
    },
    "gr202": {
      "cost": 40160.0,
      "optimal_cost": 40160.0,
      "gap_pct": 0.0,
      "time_sec": 97.183838,
      "n_nodes": 202
    },
    "tsp225": {
      "cost": 3916.0,
      "optimal_cost": 3916.0,
      "gap_pct": 0.0,
      "time_sec": 88.166699,
      "n_nodes": 225
    },
    "a280": {
      "cost": 2579.0,
      "optimal_cost": 2579.0,
      "gap_pct": 0.0,
      "time_sec": 79.036426,
      "n_nodes": 280
    },
    "pcb442": {
      "cost": 50778.0,
      "optimal_cost": 50778.0,
      "gap_pct": 0.0,
      "time_sec": 518.158936,
      "n_nodes": 442
    },
    "gr666": {
      "cost": 294513.0,
      "optimal_cost": 294358.0,
      "gap_pct": 0.0527,
      "time_sec": 1202.893622,
      "n_nodes": 666
    }
  },
  "summary": {
    "avg_gap_pct": 0.0088,
    "total_time_sec": 2009.147987,
    "instances_with_optimal": 6
  }
}