{
  "variant": "v38_diverse_starts_ils",
  "timestamp": "2026-05-28T23:00:27.779763+00:00",
  "instances": {
    "ch150": {
      "cost": 6528.0,
      "optimal_cost": 6528.0,
      "gap_pct": 0.0,
      "time_sec": 16.81925,
      "n_nodes": 150
    },
    "gr202": {
      "cost": 40160.0,
      "optimal_cost": 40160.0,
      "gap_pct": 0.0,
      "time_sec": 70.22001,
      "n_nodes": 202
    },
    "tsp225": {
      "cost": 3916.0,
      "optimal_cost": 3916.0,
      "gap_pct": 0.0,
      "time_sec": 65.819598,
      "n_nodes": 225
    },
    "a280": {
      "cost": 2579.0,
      "optimal_cost": 2579.0,
      "gap_pct": 0.0,
      "time_sec": 78.527637,
      "n_nodes": 280
    },
    "pcb442": {
      "cost": 50825.0,
      "optimal_cost": 50778.0,
      "gap_pct": 0.0926,
      "time_sec": 362.221223,
      "n_nodes": 442
    },
    "gr666": {
      "cost": 295221.0,
      "optimal_cost": 294358.0,
      "gap_pct": 0.2932,
      "time_sec": 1019.521774,
      "n_nodes": 666
    }
  },
  "summary": {
    "avg_gap_pct": 0.0643,
    "total_time_sec": 1613.129492,
    "instances_with_optimal": 6
  }
}