{
  "variant": "v42_native_xl",
  "timestamp": "2026-05-29T02:49:23.498506+00:00",
  "instances": {
    "a280": {
      "cost": 2579.0,
      "optimal_cost": 2579.0,
      "gap_pct": 0.0,
      "time_sec": 40.851408,
      "n_nodes": 280
    },
    "pcb442": {
      "cost": 50778.0,
      "optimal_cost": 50778.0,
      "gap_pct": 0.0,
      "time_sec": 227.982236,
      "n_nodes": 442
    },
    "gr666": {
      "cost": 294492.0,
      "optimal_cost": 294358.0,
      "gap_pct": 0.0455,
      "time_sec": 378.398144,
      "n_nodes": 666
    },
    "pr1002": {
      "cost": 259410.0,
      "optimal_cost": 259045.0,
      "gap_pct": 0.1409,
      "time_sec": 1007.110314,
      "n_nodes": 1002
    },
    "pr2392": {
      "cost": 379102.0,
      "optimal_cost": 378032.0,
      "gap_pct": 0.283,
      "time_sec": 866.061951,
      "n_nodes": 2392
    }
  },
  "summary": {
    "avg_gap_pct": 0.0939,
    "total_time_sec": 2520.404053,
    "instances_with_optimal": 5
  }
}